First Names,Count
Cochran,unkown
Good,unkown
Goodman,unkown
Murillo,unkown
Stanley,unkown
Rice,unkown
Lang,unkown
Bell,unkown
Liu,unkown
Boyer,unkown
Hurst,unkown
Hawkins,unkown
Jacobs,unkown
Whitaker,unkown
Dyer,unkown
Mcdonald,unkown
Knight,unkown
Rodriguez,unkown
Aguilar,unkown
Grimes,unkown
Blankenship,unkown
Esparza,unkown
Levy,unkown
Douglas,unkown
Smith,unkown
Phelps,unkown
Preston,unkown
Peterson,unkown
Dodson,unkown
Herrera,unkown
Hobbs,unkown
Salinas,unkown
Booth,unkown
Stein,unkown
Figueroa,unkown
Berry,unkown
Walsh,unkown
Franco,unkown
Travis,unkown
Wolf,unkown
Rowland,unkown
Reynolds,unkown
Allison,unkown
Morton,unkown
Kelly,unkown
Michael,unkown
Lowe,unkown
Fletcher,unkown
Rivers,unkown
